Module,Category,Task,Priority,Dependencies,Complexity,Security Level,Performance Impact,Integration Points
Architecture,Core,Design admin module architecture,Critical,None,High,Critical,Low,"Auth, All modules"
Architecture,Security,Implement RBAC permission system,Critical,Auth module,High,Critical,Medium,Auth module
Architecture,Security,Create audit trail system,Critical,Database schema,High,Critical,Medium,All admin actions
Architecture,State,Design global state management,Critical,Architecture,High,High,Medium,All admin modules
Architecture,Database,Optimize query patterns,Critical,Database design,High,Medium,Critical,All modules
Architecture,Real-time,Design WebSocket architecture,High,Backend setup,High,High,High,All modules
Booking Management,Backend,Create dashboard statistics service,Critical,Database,High,High,Critical,"Bookings, Sessions, Users"
Booking Management,Backend,Implement booking list queries,Critical,Database,Medium,High,High,"Bookings, Users"
Booking Management,Backend,Create bulk operations API,High,Auth/permissions,Medium,Critical,Medium,Bookings module
Booking Management,Frontend,Build dashboard page layout,Critical,Design system,Medium,Medium,Low,UI components
Booking Management,Frontend,Create statistics cards,High,API integration,Low,Medium,Low,Dashboard service
Booking Management,Frontend,Implement booking table,High,API integration,Medium,Medium,Medium,Booking service
Booking Management,Frontend,Add real-time updates,High,WebSocket,High,Medium,High,Real-time service
Booking Management,Frontend,Create export functionality,Medium,API,Low,Medium,Low,Export service
Booking Management,Mobile,Responsive dashboard layout,High,Dashboard page,Medium,Low,Low,None
Calendar View,Backend,Create calendar data service,Critical,Database,High,High,High,"Sessions, Bookings"
Calendar View,Backend,Implement conflict detection,Critical,Calendar service,High,High,Medium,Sessions module
Calendar View,Backend,Create reschedule API,Critical,"Conflict detection, Email",High,Critical,Medium,"Sessions, Email"
Calendar View,Frontend,Integrate calendar library,Critical,None,Medium,Low,Medium,None
Calendar View,Frontend,Implement drag-drop functionality,High,Calendar integration,High,Medium,Medium,Calendar API
Calendar View,Frontend,Create session detail modal,High,API integration,Medium,Medium,Low,Session service
Calendar View,Frontend,Add visual capacity indicators,Medium,Calendar,Low,Low,Low,None
Calendar View,Mobile,Mobile calendar view,High,Calendar,High,Low,Medium,None
Client Management,Backend,Create client list service,Critical,Database,High,High,High,"Users, Bookings"
Client Management,Backend,Implement client detail queries,Critical,Database,High,High,Medium,"All user data"
Client Management,Backend,Create note system,High,Database schema,Medium,High,Low,Admin notes
Client Management,Backend,Implement communication log,High,Email service,Medium,High,Low,Email module
Client Management,Frontend,Build client list table,Critical,API integration,Medium,Medium,Medium,Client service
Client Management,Frontend,Create client detail modal,High,API integration,High,Medium,Low,Client service
Client Management,Frontend,Implement search/filter,High,Client list,Medium,Low,Medium,None
Client Management,Frontend,Add bulk email feature,Medium,"Email service, Selection",Medium,High,Low,Email module
Client Management,Mobile,Responsive client view,High,Client pages,Medium,Low,Low,None
Performance,Optimization,Implement query caching,Critical,All queries,High,Low,Critical,Redis/Memory
Performance,Optimization,Add pagination everywhere,Critical,All lists,Medium,Low,Critical,All list views
Performance,Optimization,Lazy load components,High,Frontend,Medium,Low,High,React
Performance,Optimization,Optimize bundle splitting,High,Build config,Medium,Low,High,Webpack/Vite
Performance,Database,Add database indexes,Critical,Schema,Medium,Low,Critical,PostgreSQL
Performance,Database,Implement query batching,High,API layer,High,Low,High,All services
Security,Access,Admin authentication middleware,Critical,Auth module,High,Critical,Low,Auth service
Security,Access,Route protection,Critical,Auth middleware,Medium,Critical,Low,React Router
Security,Access,API endpoint protection,Critical,Backend auth,High,Critical,Low,All endpoints
Security,Audit,Log all admin actions,Critical,Audit system,Medium,Critical,Medium,All actions
Security,Audit,Create audit trail UI,Medium,Audit logs,Medium,High,Low,Audit service
Security,Data,Implement data masking,High,Frontend,Medium,High,Low,Sensitive data
Testing,Unit,Backend service tests,High,All services,Medium,Low,Low,Jest
Testing,Unit,Frontend component tests,High,All components,Medium,Low,Low,React Testing Library
Testing,Integration,API integration tests,High,All APIs,High,Low,Low,Supertest
Testing,E2E,Admin workflow tests,High,Complete system,High,Low,Medium,Cypress/Playwright
Testing,Performance,Load testing,Medium,Complete system,High,Low,Critical,K6/JMeter
Documentation,Technical,API documentation,High,All APIs,Low,Low,Low,None
Documentation,User,Admin user guide,Medium,Complete system,Low,Low,Low,None