Task ID,Component,Description,Dependencies,Status,Priority,Notes
1,Analysis,Analyze booking system architecture with --ultrathink,-,In Progress,Critical,Deep analysis of all components
2,Database,Create bookings table schema,-,Pending,High,UUID primary keys and constraints
3,Database,Create booking_attendees table schema,2,Pending,High,Links to bookings table
4,Database,Create special_requirements table schema,2,Pending,High,Categorized requirements
5,Database,Create requirement_templates table,4,Pending,High,Predefined templates
6,Database,Run database migrations,2-5,Pending,High,Apply all schema changes
7,Backend,Create BookingService class,6,Pending,High,Core business logic
8,Backend,Implement booking reference generation,7,Pending,High,Unique 10-char references
9,Backend,Create transaction handling for bookings,7,Pending,Critical,Atomic operations
10,Backend,Implement capacity checking service,7,Pending,High,Prevent overbooking
11,Backend,Create BookingController endpoints,7-10,Pending,High,API endpoints
12,Backend,Create PaymentService for Stripe,7,Pending,Critical,Payment processing
13,Backend,Implement payment intent creation,12,Pending,Critical,Stripe integration
14,Backend,Add 3D Secure support,12,Pending,Critical,Security requirement
15,Frontend,Create BookingWizard component,-,Pending,High,Main wizard container
16,Frontend,Create StepIndicator component,15,Pending,Medium,Visual progress
17,Frontend,Create CourseSelectionStep,15,Pending,High,Step 1 implementation
18,Frontend,Create AttendeeInformationStep,15,Pending,High,Step 2 implementation
19,Frontend,Create ReviewTermsStep,15,Pending,High,Step 3 implementation
20,Frontend,Create PaymentStep component,15,Pending,Critical,Step 4 with Stripe
21,Frontend,Implement form validation,17-20,Pending,High,All steps validation
22,Frontend,Add mobile responsive design,15-20,Pending,High,Mobile-first approach
23,Backend,Create EmailService extension,-,Pending,High,Email functionality
24,Backend,Implement booking confirmation email,23,Pending,High,HTML templates
25,Backend,Create PDFService for confirmations,23,Pending,High,PDF generation
26,Backend,Create CalendarService for .ics files,23,Pending,Medium,Calendar integration
27,Backend,Implement email queue system,23,Pending,High,Reliable delivery
28,Frontend,Create BookingSuccessPage,-,Pending,High,Confirmation page
29,Frontend,Add confetti animation,28,Pending,Low,User experience
30,Frontend,Implement download functionality,28,Pending,High,PDF and ICS downloads
31,Backend,Create SpecialRequirementsService,4-5,Pending,High,Requirements handling
32,Backend,Implement priority classification,31,Pending,High,Critical/High/Standard
33,Backend,Create instructor notification system,31,Pending,Critical,Alert for critical needs
34,Frontend,Create SpecialRequirementsForm,-,Pending,High,Requirements selection
35,Frontend,Create RequirementsDashboard,-,Pending,Medium,Admin view
36,Frontend,Create AccessibilityChecklist,-,Pending,Medium,Venue checklist
37,Testing,Test booking flow validation,-,Pending,Critical,Form validation
38,Testing,Test payment processing,12-14,Pending,Critical,Stripe integration
39,Testing,Test email delivery,23-27,Pending,High,All email types
40,Testing,Test concurrent bookings,9-10,Pending,Critical,Race conditions
41,Testing,Test special requirements flow,31-36,Pending,High,End-to-end
42,Testing,Test mobile responsiveness,22,Pending,High,All devices
43,Testing,Test accessibility compliance,-,Pending,High,WCAG 2.1 AA
44,Testing,Test error handling,-,Pending,Critical,All edge cases
45,Deployment,Environment variables setup,-,Pending,High,Stripe keys etc
46,Deployment,Production testing,-,Pending,Critical,Final validation